photo_url,first_name,last_name,country,date_created,date_updated,status,info,username,password,is_account_non_expired,is_account_non_locked,is_credentials_non_expired,is_enabled
https://sun9-83.userapi.com/impf/c848416/v848416721/123dc5/NsMh-Qe3wQU.jpg?size=1280x1280&quality=96&sign=23c7396d0f6d4adb42863e671aed4f20&type=album,Maxim,Kizilov,Russia,2023-02-15 00:00:00.000000,2023-02-15 00:00:00.000000,Яхай,Заработчик,maxkizi,$2a$10$Jg0/xThwvXjn5LShc1gwKO9VbFznOrufUrqsbwvMcdhRwDi/a3WS2,true,true,true,true
https://sun9-14.userapi.com/impf/c849324/v849324556/f4b5c/M1yEwzicINQ.jpg?size=1080x1350&quality=96&sign=5ab6250119e4bc9c34372085a0d3c2a9&type=album,Annastasia,Kush,Russia,2023-02-15 00:00:00.000000,2023-02-15 00:00:00.000000,Это прикол,Настя,kushnastya,$2a$10$AYBRN9fVKwXYul/ikpJoiOh2X106QxNALh/hxsQucu64wtg6gsLKy,true,true,true,true
 ,Anna,Ivanova,Russia,2023-02-15 00:00:00.000000,2023-02-15 00:00:00.000000,,,username3,$2a$10$T6qz2qyJ7egefIAlKTF3uOzF1a.PBl7sWdZdPr1AtEl0TSZ6Ms792,true,true,true,true
 ,Alexander,Alexandrov,Russia,2023-02-15 00:00:00.000000,2023-02-15 00:00:00.000000,,,username5,$2a$10$0QPOIpVu0yAgGuVUf3XPA.A83VMyV505Zmg9rB7s8/hCjcI.g.gkG,true,true,true,true
 ,Yuli,Pavlova,Ukraine,2023-02-15 00:00:00.000000,2023-02-15 00:00:00.000000,,,username11,$2a$10$ssFkmzfoYWnj/Ho0.Kgiru0pzX5eQw4ewDIkTE7GdRgoEIM0zrSne,true,true,true,true
 ,Elena,Sidorenko,Belarus,2023-02-15 00:00:00.000000,2023-02-15 00:00:00.000000,,,username8,$2a$10$1C5b7cNYiFYxwnThE.Pnvemm7f0Ml80RrPdy2sOU4/L6/UYrzhiLe,true,true,true,true
 ,Nick,Doe,USA,2023-02-15 00:00:00.000000,2023-02-15 00:00:00.000000,,,username15,$2a$10$fFhFmygRTDaIu3itQO44beb6mq/mx9h6awTCSP5Y47gzZdUXrX2M6,true,true,true,true
 ,Sergey,Kazakov,Ukraine,2023-02-15 00:00:00.000000,2023-02-15 00:00:00.000000,,,username10,$2a$10$ACDNdnVEceYiPMdR9g3N7.41N2Yk3i2cUJTq8ONFuNZ9r15oFGB66,true,true,true,true
 ,Sam,Winchester,USA,2023-02-15 00:00:00.000000,2023-02-15 00:00:00.000000,,,username21,$2a$10$xMONdMcytYbK/RuVzEjsAehm/rPnNq7sTL7yYilqEZAMRml6s8nP.,true,true,true,true
 ,Varvara,Lubnina,Ukraine,2023-02-15 00:00:00.000000,2023-02-15 00:00:00.000000,,,username13,$2a$10$XNLLyn0nRgN.oWt9rMKykevqpePpZginwhjaa9jJZwKxC.xyZQPbC,true,true,true,true
 ,Dima,Smirnov,Ukraine,2023-02-15 00:00:00.000000,2023-02-15 00:00:00.000000,,,username12,$2a$10$iafZiiSiD8xqagMhtztxN.PhNsBw55PaLmsw3531.g/39fBRgbcWa,true,true,true,true
 ,Dean,Winchester,USA,2023-02-15 00:00:00.000000,2023-02-15 00:00:00.000000,,,username20,$2a$10$Wp9kT.LM3nwGeCV1fP0cOu85BwHbzpI5wE22MsMIS8lVKH6StMXR6,true,true,true,true
 ,Kurt,Cobain,USA,2023-02-15 00:00:00.000000,2023-02-15 00:00:00.000000,,,username22,$2a$10$5rgUYdNcfMnjzSgvtPqVf.Tcw.HgIV0KFGS9FCS4i0sdmLStnH4tS,true,true,true,true
 ,Max,Kim,USA,2023-02-15 00:00:00.000000,2023-02-15 00:00:00.000000,,,username17,$2a$10$kmojl.r8o/GVNUw2vaKheuYJ58ZNH.3RAfl/V4VaTctuHvpGonEPa,true,true,true,true
 ,Liza,Vasilkova,USA,2023-02-15 00:00:00.000000,2023-02-15 00:00:00.000000,,,username18,$2a$10$0aA97YzSHIJj/opcl69duObZOFf.xZjXB3E3IDcNbSFSoG50SPQm6,true,true,true,true
 ,John,Johnson,USA,2023-02-15 00:00:00.000000,2023-02-15 00:00:00.000000,,,username16,$2a$10$WTFHf5eyU/ha6p5aqvBH1OvFH3ePGsDklyK04PdltKglc2AMuj9UK,true,true,true,true
 ,Mary,Lubnina,Ukraine,2023-02-15 00:00:00.000000,2023-02-15 00:00:00.000000,,,username14,$2a$10$4F3AgU5gMNBCGE3CoU/3Mu.FO12ZKf34FFmmvQgfgf5Iim1OTUG9a,true,true,true,true
 ,Nastya,Smirnova,Russia,2023-02-15 00:00:00.000000,2023-02-15 00:00:00.000000,,,username4,$2a$10$whHZ5n8Wm5DBCF/f1Ocuc.WiHqnJZ3KXiQgcZ6xHRyyplJyxVNApm,true,true,true,true
 ,Ivan,Medved,Belarus,2023-02-15 00:00:00.000000,2023-02-15 00:00:00.000000,,,username9,$2a$10$3npzUiXq2OStUect6sTsz.suAKG9rmHCyq77Id8EHPo60/ogkc43m,true,true,true,true
 ,Jack,Jackson,USA,2023-02-15 00:00:00.000000,2023-02-15 00:00:00.000000,,,username19,$2a$10$ICC3gP41G5DoKfiyg1F5d.r.pkGhXqGn2MX1QJIMKYldrLvtb2Zrq,true,true,true,true
 ,Alex,Sidorov,Belarus,2023-02-15 00:00:00.000000,2023-02-15 00:00:00.000000,,,username6,$2a$10$Osv1jw96y.3KsAR4BjzET./mC0MeXbxhhk4DuNw67HT.Hk1ida5L6,true,true,true,true
 ,Nataly,Ivanova,Belarus,2023-02-15 00:00:00.000000,2023-02-15 00:00:00.000000,,,username7,$2a$10$tlK.R.BkqjkoHlIo2FLqx.g9zXYK/2uQ2VuBfRhUpgTVJS4.rn73O,true,true,true,true
